campaign_id,channel,spend,impressions,conversions,roi_positive
1,social,408.97,161.24,40.5,0
2,display,342.71,161.9,463.15,1
3,social,126.44,150.26,371.21,0
4,social,245.92,105.26,338.61,0
5,email,297.57,346.11,239.35,1
6,search,250.02,56.83,226.33,0
7,search,475.09,433.57,164.1,1
8,display,391.97,469.34,387.84,1
9,social,459.03,140.86,280.97,1
10,display,158.29,44.2,202.71,0
11,search,150.77,142.94,321.54,0
12,search,244.1,398.39,347.02,1
13,email,403.08,467.17,388.99,1
14,social,289.0,311.5,74.06,0
15,search,442.55,155.0,29.32,0
16,social,471.29,75.7,258.57,1
17,email,372.08,160.77,271.12,1
18,email,357.77,18.21,338.41,0
19,email,267.47,146.4,486.44,1
20,email,413.42,499.38,101.82,1
21,email,314.63,245.01,455.19,1
22,search,459.15,128.61,492.09,1
23,display,92.19,112.57,402.59,0
24,display,255.94,432.07,222.99,1
25,email,154.78,320.4,175.92,0
26,search,297.02,220.16,274.22,1
27,display,397.59,406.83,17.7,1
28,social,11.42,444.5,182.45,0
29,social,316.09,103.97,228.78,0
30,search,162.06,444.36,42.12,0
31,social,241.21,221.15,165.6,0
32,display,208.47,489.21,87.17,1
33,display,363.86,471.28,169.01,1
34,display,435.67,254.4,386.56,1
35,email,273.56,303.46,367.26,1
36,social,215.75,303.79,315.36,1
37,email,358.19,100.39,234.97,0
38,display,424.75,127.76,281.7,1
39,display,84.32,293.75,183.04,0
40,email,446.46,414.56,403.05,1
41,search,23.44,452.18,210.31,0
42,display,311.24,437.07,398.51,1
43,display,410.58,100.01,419.96,1
44,social,237.4,313.95,52.74,0
45,search,347.99,192.25,401.35,1
46,search,300.16,432.46,477.71,1
47,display,125.53,154.06,180.98,0
48,display,126.3,204.73,498.55,1
49,display,286.89,269.49,429.82,1
50,display,213.4,63.13,257.11,0
51,display,238.45,223.52,196.08,0
52,display,334.26,149.36,76.12,0
53,search,413.4,36.37,407.74,1
54,display,23.9,133.63,201.57,0
55,social,289.8,480.94,462.88,1
56,display,341.74,487.78,339.84,1
57,display,176.3,121.92,246.63,0
58,email,204.6,177.49,489.95,1
59,email,397.0,173.69,288.37,1
60,social,413.34,110.42,492.0,1
61,display,434.67,235.61,290.15,1
62,display,168.32,173.42,443.46,1
63,search,240.1,492.46,379.4,1
64,social,166.67,58.33,145.38,0
65,email,62.15,96.5,476.03,0
66,display,166.01,491.55,361.76,1
67,display,280.9,63.66,207.48,0
68,email,86.91,15.03,322.24,0
69,display,274.32,374.69,294.15,1
70,search,171.11,137.18,192.75,0
71,social,485.95,215.27,473.8,1
72,email,493.06,497.16,153.01,1
73,search,490.2,379.68,128.1,1
74,search,251.98,275.54,279.82,1
75,social,378.06,455.03,426.38,1
76,social,144.89,128.06,188.06,0
77,search,124.16,214.08,123.93,0
78,social,171.53,87.48,330.18,0
79,email,409.79,318.39,127.49,1
80,display,234.3,25.2,146.96,0
81,email,445.04,409.05,465.5,1
82,search,257.62,233.14,206.19,0
83,social,18.17,11.01,449.94,0
84,social,241.54,491.32,39.03,0
85,search,328.51,306.8,276.48,1
86,search,221.36,26.9,56.24,0
87,email,248.67,453.53,331.98,1
88,search,395.54,298.06,425.69,1
89,search,459.98,322.97,180.89,1
90,search,179.22,342.79,329.1,1
91,search,368.16,369.25,223.66,1
92,email,224.64,490.62,328.83,1
93,email,453.41,485.96,167.31,1
94,search,74.39,412.79,489.62,1
95,social,367.94,229.3,441.55,1
96,email,83.4,20.98,185.51,0
97,email,65.79,313.21,298.74,0
98,search,353.28,289.41,231.91,1
99,social,112.64,292.61,362.38,0
100,display,422.63,116.78,288.59,1
101,email,159.29,341.66,436.85,1
102,social,138.31,245.83,287.56,0
103,email,423.38,59.22,105.23,0
104,email,260.84,140.88,254.13,0
105,display,17.96,356.38,81.24,0
106,social,343.31,252.29,48.71,0
107,social,285.46,281.97,339.02,1
108,search,56.58,194.04,136.12,0
109,social,181.79,273.7,221.53,0
110,email,223.9,296.99,378.56,1
111,email,254.11,418.9,159.8,1
112,email,473.98,100.81,146.79,0
113,display,168.83,495.29,446.13,1
114,social,347.52,344.55,71.6,0
115,search,266.18,109.23,441.5,1
116,social,448.15,273.15,245.57,1
117,email,231.75,382.7,278.49,1
118,search,45.34,60.53,21.89,0
119,display,166.04,236.71,34.77,0
120,email,434.7,102.48,59.29,0
121,email,225.9,375.22,322.69,1
122,email,65.56,144.58,359.44,0
123,email,216.46,443.56,351.29,1
124,search,251.9,224.78,59.05,0
125,display,319.17,486.78,207.61,1
126,email,44.77,149.92,441.29,0
127,social,38.62,62.92,497.57,0
128,display,102.96,234.17,193.39,0
129,display,209.44,354.92,177.8,0
130,email,312.26,158.0,165.53,0
131,search,167.73,402.48,377.16,1
132,social,306.45,402.78,407.83,1
133,display,58.38,18.93,60.06,0
134,display,34.17,158.45,333.56,0
135,social,88.31,51.99,448.3,0
136,social,340.49,169.92,248.48,0
137,search,381.69,315.46,191.49,1
138,display,242.83,157.52,25.11,0
139,display,233.49,338.74,384.11,1
140,email,131.41,86.81,301.93,0
141,search,456.63,410.17,387.92,1
142,social,145.88,293.73,471.27,1
143,display,464.32,459.03,53.3,1
144,search,88.75,167.32,44.05,0
145,search,221.73,250.89,481.84,1
146,display,117.37,109.34,282.88,0
147,search,449.18,429.5,269.4,1
148,social,377.43,239.63,459.64,1
149,social,463.73,198.08,453.39,1
150,social,71.09,334.96,296.45,0
151,social,387.81,43.64,51.59,0
152,search,223.96,47.89,178.85,0
153,search,242.57,324.88,327.88,1
154,display,90.85,391.45,474.88,1
155,display,57.43,396.26,433.38,1
156,display,67.47,386.5,315.48,0
157,search,482.62,182.69,471.02,1
158,email,109.03,234.35,284.6,0
159,social,63.3,74.81,244.23,0
160,email,119.23,336.02,17.54,0
161,search,139.75,340.88,18.27,0
162,email,330.56,352.25,416.24,1
163,social,350.55,317.54,255.81,1
164,search,106.94,329.37,305.37,0
165,email,468.89,238.35,451.16,1
166,email,85.38,62.62,209.01,0
167,email,136.58,279.69,183.25,0
168,display,297.21,151.18,100.35,0
169,display,458.07,46.11,145.15,0
170,email,431.37,483.18,80.35,1
171,social,322.1,188.31,177.52,0
172,email,211.62,110.46,172.36,0
173,email,64.8,32.76,190.98,0
174,email,186.09,237.17,45.47,0
175,email,171.09,85.78,396.55,0
176,social,228.22,64.95,246.88,0
177,email,409.93,125.7,407.73,1
178,email,24.11,408.84,237.39,0
179,search,406.7,306.0,244.1,1
180,social,197.83,417.29,98.02,0
181,search,487.15,159.81,381.59,1
182,display,39.58,427.7,288.3,0
183,search,45.94,499.56,450.28,1
184,search,259.2,441.27,451.48,1
185,display,460.15,85.38,334.35,1
186,display,378.37,132.55,128.98,0
187,display,413.23,247.81,210.02,1
188,email,348.0,383.82,64.47,1
189,display,202.28,103.17,195.29,0
190,email,70.0,428.39,481.55,1
191,display,277.85,397.76,29.75,0
192,display,403.44,431.53,27.2,1
193,display,295.77,489.43,214.32,1
194,search,152.86,197.39,229.04,0
195,social,282.99,74.18,190.62,0
196,search,401.8,84.45,47.41,0
197,search,180.39,264.82,96.99,0
198,search,276.13,202.68,361.21,1
199,search,261.87,177.87,93.18,0
200,search,234.54,380.17,26.8,0
201,search,78.37,299.61,31.49,0
202,social,367.39,191.66,268.73,1
203,social,118.71,307.11,371.0,1
204,social,449.06,366.14,469.14,1
205,display,90.49,321.36,407.83,1
206,search,438.35,315.95,125.08,1
207,display,50.69,80.88,184.04,0
208,display,151.17,179.38,453.1,1
209,social,119.98,44.94,395.82,0
210,search,447.91,439.77,137.71,1
211,social,422.0,288.95,181.14,1
212,social,287.62,174.69,288.44,0
213,social,237.77,268.45,447.54,1
214,email,12.64,74.19,69.73,0
215,search,377.81,55.99,40.63,0
216,display,387.09,104.47,167.9,0
217,search,91.51,185.3,293.63,0
218,email,79.67,295.62,215.54,0
219,email,387.3,376.74,403.14,1
220,search,350.3,211.83,153.77,0
221,email,319.47,202.04,383.85,1
222,search,298.83,247.49,388.14,1
223,display,231.2,255.34,275.58,0
224,social,264.74,178.23,442.01,1
225,search,229.93,189.87,169.33,0
226,social,125.82,203.75,443.55,0
227,social,54.22,110.08,374.32,0
228,social,239.22,19.5,321.77,0
229,display,395.29,163.46,171.74,0
230,search,262.89,161.04,187.23,0
231,email,395.76,115.47,43.15,0
232,social,62.27,190.62,494.45,0
233,email,61.37,74.66,206.13,0
234,email,204.58,141.98,101.9,0
235,display,364.28,487.43,362.87,1
236,email,100.03,261.82,412.19,0
237,search,304.37,397.28,298.97,1
238,search,431.57,110.89,496.08,1
239,search,411.87,248.92,94.84,0
240,search,168.49,297.42,331.07,1
241,email,130.88,286.91,15.86,0
242,email,96.31,150.25,404.25,0
243,display,14.73,120.68,50.71,0
244,social,256.55,171.77,309.72,0
245,search,245.64,201.57,151.37,0
246,search,117.41,240.58,223.48,0
247,social,326.93,246.06,395.33,1
248,search,180.56,224.63,34.38,0
249,email,22.03,202.71,52.13,0
250,social,312.16,133.36,398.12,1
251,display,467.35,16.33,149.68,0
252,display,296.41,126.83,194.82,0
253,email,364.6,134.63,52.63,0
254,search,375.79,484.31,260.36,1
255,email,41.32,487.83,405.19,1
256,display,438.01,35.21,133.3,0
257,search,448.74,312.93,216.84,1
258,email,255.46,89.28,161.39,0
259,email,419.58,293.44,273.25,1
260,display,434.13,154.89,209.62,1
261,email,299.67,385.39,303.51,1
262,email,155.41,23.93,38.91,0
263,display,240.48,324.74,486.56,1
264,search,451.91,193.41,325.39,1
265,social,219.52,224.84,14.78,0
266,search,449.02,114.95,197.45,0
267,email,291.29,400.6,175.18,1
268,search,97.12,277.89,117.39,0
269,social,107.27,53.93,425.08,0
270,search,252.9,221.5,183.5,0
271,social,140.49,335.76,301.36,0
272,social,125.33,318.22,437.86,1
273,search,177.63,132.78,57.66,0
274,search,381.18,352.7,65.67,1
275,search,162.38,55.01,207.2,0
276,social,446.72,10.75,44.46,0
277,search,396.89,373.23,243.51,1
278,search,456.52,58.96,59.08,0
279,email,198.4,360.17,191.23,0
280,social,385.45,150.95,172.54,0
281,email,306.71,135.34,66.87,0
282,email,292.04,270.89,312.7,1
283,search,462.33,349.48,219.27,1
284,display,476.52,81.08,320.49,1
285,display,466.87,58.32,361.7,1
286,social,390.7,141.58,14.44,0
287,social,115.46,455.98,45.62,0
288,social,261.98,475.66,68.68,1
289,display,245.22,183.35,107.31,0
290,email,447.5,409.38,369.25,1
291,email,259.3,459.23,395.29,1
292,search,24.08,26.24,81.2,0
293,search,285.88,183.59,483.27,1
294,email,312.34,234.8,423.24,1
295,email,143.7,281.72,277.75,0
296,search,148.67,179.75,391.74,0
297,email,413.06,230.17,197.71,1
298,social,394.98,326.02,253.49,1
299,display,361.59,173.25,296.56,1
300,display,460.87,137.29,119.6,0
301,email,138.91,188.11,86.16,0
302,display,76.33,303.68,299.51,0
303,email,154.64,208.33,182.05,0
304,email,430.65,492.56,439.24,1
305,email,167.21,171.36,449.17,1
306,display,345.28,33.21,103.11,0
307,social,71.79,36.47,251.75,0
308,search,338.35,196.14,17.43,0
309,email,27.92,59.65,281.75,0
310,social,228.5,381.4,17.16,0
311,search,61.36,475.33,445.33,1
312,email,177.64,279.46,431.65,1
313,search,150.67,434.35,114.8,0
314,social,279.44,158.95,138.45,0
315,email,26.14,343.5,200.43,0
316,search,426.64,129.09,458.32,1
317,display,467.99,94.49,123.85,0
318,display,185.46,289.32,182.74,0
319,email,367.47,73.73,186.63,0
320,email,466.57,226.25,333.16,1
321,search,487.66,435.68,470.04,1
322,social,323.49,202.56,456.23,1
323,display,89.84,481.59,407.37,1
324,email,36.43,353.2,299.16,0
325,email,163.05,319.33,261.51,0
326,display,30.41,143.75,61.8,0
327,social,151.48,99.91,390.44,0
328,search,281.25,480.79,393.09,1
329,search,287.61,318.7,104.6,0
330,display,174.45,200.82,180.58,0
331,social,186.68,101.33,332.96,0
332,search,23.5,124.19,360.24,0
333,social,421.05,79.51,131.24,0
334,display,430.62,292.48,133.31,1
335,social,313.5,309.96,88.01,0
336,email,460.49,90.2,395.89,1
337,search,53.16,323.12,63.52,0
338,search,220.03,212.96,248.69,0
339,email,287.06,433.48,75.47,1
340,social,468.1,314.32,27.44,1
341,display,237.09,86.04,147.9,0
342,social,112.6,260.55,211.73,0
343,email,404.07,212.13,424.98,1
344,email,18.41,50.02,55.6,0
345,email,187.49,281.68,161.35,0
346,social,453.17,198.49,14.13,0
347,email,309.6,320.27,34.69,0
348,search,366.04,138.7,428.69,1
349,social,126.3,147.41,114.83,0
350,social,440.16,281.55,340.74,1
351,display,243.56,61.72,332.39,0
352,social,58.15,440.46,35.09,0
353,search,250.16,264.9,209.37,0
354,social,398.29,351.09,414.87,1
355,display,442.3,119.46,257.55,1
356,social,178.63,474.87,136.46,1
357,search,173.28,406.59,140.61,0
358,social,187.04,236.22,400.14,1
359,social,315.62,480.67,353.66,1
360,search,238.65,396.86,335.15,1
361,social,460.09,200.46,347.54,1
362,email,397.04,263.76,379.29,1
363,email,227.94,51.71,432.85,0
364,display,86.24,267.23,491.72,1
365,social,413.64,429.84,16.8,1
366,email,164.83,284.04,453.74,1
367,social,39.12,434.94,228.15,0
368,display,102.58,394.92,92.64,0
369,email,445.61,151.07,271.12,1
370,search,177.27,35.21,276.57,0
371,search,93.51,452.05,481.71,1
372,email,461.44,482.11,126.57,1
373,display,299.04,102.73,255.0,0
374,display,421.3,92.99,438.75,1
375,search,370.65,213.55,471.74,1
376,social,319.29,390.9,177.83,1
377,email,167.06,403.77,37.46,0
378,email,279.78,443.38,310.94,1
379,social,267.67,353.4,272.87,1
380,search,354.91,386.38,135.47,1
381,search,455.41,297.9,182.93,1
382,email,19.97,182.33,298.53,0
383,search,309.78,309.89,112.25,0
384,social,329.46,230.95,180.06,0
385,social,302.66,123.46,94.41,0
386,display,377.09,370.32,243.78,1
387,email,356.14,22.62,203.41,0
388,search,273.28,416.85,301.38,1
389,display,193.32,321.06,76.12,0
390,display,307.24,207.81,299.16,1
391,email,499.02,329.28,153.21,1
392,display,377.89,455.4,110.86,1
393,social,213.47,362.33,228.52,1
394,search,285.64,281.56,105.54,0
395,search,331.13,42.99,122.35,0
396,social,432.0,457.86,225.43,1
397,social,358.91,337.5,90.75,1
398,email,199.49,76.62,402.4,0
399,email,186.1,244.15,217.26,0
400,display,491.09,367.2,302.26,1
401,display,353.13,43.62,153.72,0
402,display,383.81,380.47,82.48,1
403,social,409.47,236.6,390.32,1
404,search,217.83,462.17,52.9,0
405,search,126.58,315.25,13.92,0
406,social,243.64,347.75,311.83,1
407,search,489.27,449.42,391.4,1
408,social,496.82,229.52,96.59,1
409,email,330.68,262.44,168.66,0
410,search,424.52,429.27,448.43,1
411,email,55.96,102.48,202.98,0
412,social,368.12,395.93,339.0,1
413,search,350.89,458.58,467.68,1
414,search,88.75,148.62,161.26,0
415,search,493.85,380.55,498.98,1
416,social,420.26,225.28,446.13,1
417,social,446.33,290.81,326.04,1
418,social,249.14,404.22,156.97,1
419,social,487.04,456.6,80.76,1
420,search,335.81,172.43,117.91,0
421,search,202.39,275.81,55.75,0
422,search,157.04,192.68,407.03,0
423,display,378.2,14.11,382.45,0
424,email,212.47,298.49,153.03,0
425,search,246.8,122.45,380.4,0
426,search,148.22,351.88,342.15,1
427,social,21.44,235.32,384.68,0
428,social,301.14,103.86,173.71,0
429,search,52.64,234.42,187.89,0
430,email,290.73,287.87,339.99,1
431,search,476.35,32.47,220.18,0
432,social,109.22,27.04,469.7,0
433,email,278.55,202.16,240.36,0
434,search,345.16,32.49,311.13,0
435,social,333.43,297.31,477.0,1
436,search,242.03,462.26,282.84,1
437,email,318.4,389.46,382.41,1
438,display,388.46,317.93,396.73,1
439,search,131.22,64.93,380.2,0
440,search,134.9,15.86,374.35,0
441,social,426.75,254.83,449.0,1
442,email,228.56,315.47,447.51,1
443,social,253.76,203.37,163.32,0
444,email,423.97,61.28,199.73,0
445,search,289.86,33.53,388.58,0
446,email,84.12,402.37,133.9,0
447,social,152.93,446.51,99.62,0
448,display,325.96,41.09,133.91,0
449,email,295.95,341.82,480.29,1
450,search,95.34,453.38,224.44,0
451,display,242.64,58.5,406.19,0
452,display,108.84,186.22,120.69,0
453,search,81.8,216.11,197.13,0
454,email,316.99,466.96,304.01,1
455,social,467.47,442.64,362.26,1
456,social,101.47,457.9,59.27,0
457,email,176.75,112.3,184.0,0
458,email,396.42,105.47,477.11,1
459,search,163.19,137.71,449.94,0
460,display,313.71,261.12,87.76,0
461,search,336.26,66.43,203.3,0
462,display,371.58,176.23,205.74,0
463,search,83.01,194.57,439.53,0
464,social,95.35,321.45,186.3,0
465,search,228.48,499.8,36.28,0
466,display,117.08,473.06,139.17,0
467,social,170.91,487.96,398.42,1
468,email,346.95,354.34,412.23,1
469,display,492.62,141.71,461.65,1
470,social,234.59,177.14,268.88,0
471,social,433.9,151.56,395.91,1
472,display,120.0,376.34,150.14,0
473,email,291.19,338.11,117.53,0
474,display,479.71,211.79,76.93,0
475,email,90.12,155.11,242.2,0
476,search,301.38,372.35,442.17,1
477,search,485.53,40.67,370.38,1
478,display,143.6,48.26,395.22,0
479,social,247.78,32.97,278.69,0
480,email,27.41,434.98,345.34,1
481,display,205.08,499.23,74.7,0
482,display,287.31,152.11,406.09,1
483,search,324.02,498.69,334.46,1
484,email,168.49,15.85,429.1,0
485,search,46.76,412.56,94.91,0
486,display,53.71,84.48,177.38,0
487,search,198.97,317.82,53.36,0
488,email,109.34,237.52,299.1,0
489,display,190.13,317.14,85.26,0
490,display,486.5,275.17,29.75,1
491,search,77.3,87.88,330.53,0
492,search,300.73,26.78,457.52,1
493,search,283.88,54.81,308.48,0
494,search,128.61,184.2,75.36,0
495,email,80.11,466.95,225.93,0
496,email,442.35,110.52,71.63,0
497,display,425.83,320.57,277.3,1
498,email,96.13,399.21,304.77,1
499,search,457.39,26.44,189.69,0
500,social,197.5,455.2,204.34,1
501,social,106.97,284.28,485.67,1
502,search,222.04,439.01,57.48,0
503,search,453.51,191.69,213.51,1
504,email,411.22,363.34,38.39,1
505,email,250.25,425.33,425.23,1
506,email,100.82,397.65,493.05,1
507,display,199.58,42.72,457.96,0
508,email,394.78,386.25,385.03,1
509,search,198.27,466.86,492.83,1
510,display,172.35,166.04,470.73,1
511,search,62.73,14.6,387.09,0
512,search,136.67,296.38,260.84,0
513,display,335.97,379.12,154.82,1
514,search,327.24,202.34,264.22,1
515,display,154.78,135.39,476.49,0
516,display,224.6,165.63,316.44,0
517,social,126.37,469.65,417.47,1
518,display,237.0,399.24,252.11,1
519,search,318.22,368.12,460.75,1
520,social,20.38,174.18,368.37,0
521,email,202.8,135.63,393.99,0
522,search,28.76,417.69,290.82,0
523,display,44.07,269.78,463.27,0
524,search,442.84,42.72,419.43,1
525,search,105.87,138.45,257.21,0
526,search,426.51,81.7,303.95,1
527,display,72.64,397.34,289.42,0
528,display,204.92,114.66,315.77,0
529,display,381.09,151.15,98.4,0
530,display,328.77,474.0,104.46,1
531,email,198.91,50.32,436.13,0
532,display,483.54,433.2,332.95,1
533,email,293.34,188.24,146.64,0
534,email,246.59,213.44,12.98,0
535,email,363.17,44.11,92.73,0
536,social,379.5,476.31,230.25,1
537,search,202.5,316.07,30.99,0
538,social,371.99,450.03,30.04,1
539,email,161.96,23.55,150.36,0
540,search,468.39,479.87,120.83,1
541,search,206.12,164.66,476.82,1
542,search,130.6,62.93,46.87,0
543,search,218.33,426.03,300.83,1
544,search,357.73,73.87,401.39,1
545,email,32.16,215.47,420.34,0
546,display,82.97,467.61,462.48,1
547,display,248.02,20.38,304.31,0
548,email,348.19,358.11,297.49,1
549,display,159.43,41.47,178.78,0
550,email,127.69,392.79,145.22,0
551,email,51.02,341.9,15.3,0
552,social,298.25,225.76,385.15,1
553,email,52.0,56.76,69.56,0
554,search,409.92,435.01,137.69,1
555,social,204.63,77.72,166.06,0
556,social,314.78,15.37,319.12,0
557,email,326.98,168.82,16.94,0
558,social,248.93,151.49,203.86,0
559,email,23.29,489.56,94.79,0
560,search,490.72,357.28,292.39,1
561,social,36.37,261.44,498.34,1
562,search,56.04,242.67,491.87,1
563,display,426.42,397.47,74.1,1
564,display,174.95,82.86,42.75,0
565,email,60.32,75.59,435.07,0
566,social,56.09,173.76,10.11,0
567,display,327.58,74.17,115.5,0
568,email,28.55,402.52,312.12,0
569,display,476.34,200.83,36.09,0
570,search,194.5,160.49,206.27,0
571,display,109.1,330.37,275.68,0
572,search,164.71,44.75,231.06,0
573,display,159.4,196.79,298.72,0
574,social,58.08,358.57,395.61,1
575,search,474.17,436.13,286.29,1
576,search,473.85,101.9,377.2,1
577,display,22.46,205.29,57.54,0
578,search,391.08,183.32,78.61,0
579,email,398.05,120.23,291.86,1
580,display,211.19,22.31,296.6,0
581,display,158.26,452.13,347.61,1
582,social,144.74,137.33,233.82,0
583,search,400.51,203.88,215.62,1
584,social,126.92,32.15,92.86,0
585,email,12.47,133.93,71.46,0
586,social,20.15,473.32,49.35,0
587,display,273.7,77.41,431.97,0
588,display,273.47,112.66,452.93,1
589,display,91.28,460.65,180.8,0
590,search,72.22,197.11,357.9,0
591,email,320.45,369.96,371.37,1
592,display,235.75,474.96,326.11,1
593,display,262.84,119.42,222.1,0
594,search,191.79,288.21,391.76,1
595,email,48.88,207.2,96.96,0
596,display,111.01,374.74,357.16,1
597,search,450.92,18.06,154.34,0
598,email,217.56,418.02,289.45,1
599,email,25.9,149.47,267.11,0
600,email,86.1,378.15,89.21,0
601,social,239.76,31.26,422.29,0
602,search,308.46,95.96,397.28,1
603,display,225.46,282.18,80.73,0
604,email,22.97,246.05,54.4,0
605,display,314.48,381.5,195.99,1
606,email,12.18,290.33,320.87,0
607,social,294.36,451.77,132.68,1
608,email,73.99,207.17,460.46,0
609,display,436.75,214.7,110.83,0
610,social,360.67,302.71,277.65,1
611,search,57.79,297.64,344.29,0
612,social,402.47,434.59,273.58,1
613,search,427.43,453.0,104.14,1
614,display,488.33,61.81,180.13,0
615,email,315.83,27.97,224.6,0
616,social,15.03,169.46,24.48,0
617,social,346.65,73.21,429.58,1
618,email,385.99,142.46,29.24,0
619,display,164.76,479.34,296.13,1
620,social,12.94,351.58,222.93,0
621,search,448.77,249.56,15.52,0
622,email,265.48,56.01,181.77,0
623,display,436.9,59.0,379.85,1
624,social,339.47,278.96,173.14,1
625,email,256.16,471.17,226.11,1
626,social,164.8,380.06,306.51,1
627,search,162.41,136.04,56.4,0
628,search,81.93,50.21,141.95,0
629,social,489.31,337.33,396.96,1
630,email,38.49,224.41,195.95,0
631,email,497.79,218.16,101.81,1
632,email,96.59,435.71,329.35,1
633,search,184.43,20.21,344.14,0
634,display,172.34,442.02,166.58,0
635,email,170.24,287.02,87.13,0
636,search,230.45,208.98,496.74,1
637,display,162.43,121.53,74.04,0
638,display,61.23,62.51,34.44,0
639,search,352.15,401.06,24.43,0
640,search,260.84,418.01,324.64,1
641,search,288.22,140.46,255.96,0
642,social,256.38,327.39,321.19,1
643,display,52.85,368.38,238.84,0
644,search,338.63,134.49,260.22,0
645,search,303.8,64.57,346.19,0
646,display,312.92,408.72,295.49,1
647,email,256.53,298.12,367.42,1
648,search,64.11,454.36,190.75,0
649,search,498.4,133.48,249.43,1
650,display,358.94,397.75,107.89,1
651,social,234.09,278.26,269.71,0
652,display,214.16,459.69,322.97,1
653,search,410.34,340.31,362.71,1
654,display,116.22,139.06,31.15,0
655,email,388.28,421.03,424.22,1
656,social,455.52,300.84,234.26,1
657,search,228.58,449.23,42.44,0
658,social,306.59,410.64,363.98,1
659,social,178.59,489.74,228.33,1
660,social,56.72,339.73,75.36,0
661,display,445.97,30.92,299.29,0
662,social,192.0,297.58,15.06,0
663,search,56.37,153.26,285.47,0
664,display,434.76,417.86,103.51,1
665,social,347.0,172.19,378.88,1
666,display,299.78,286.97,14.78,0
667,display,375.04,152.64,381.15,1
668,email,297.69,427.79,367.2,1
669,display,197.2,253.72,315.47,0
670,display,255.56,137.19,96.57,0
671,display,491.82,365.41,485.8,1
672,email,38.23,265.9,288.52,0
673,display,313.04,336.27,236.23,1
674,social,375.26,161.72,102.68,0
675,email,280.97,55.12,299.63,0
676,email,135.1,212.4,250.24,0
677,social,260.07,337.73,172.77,0
678,email,379.78,214.78,466.65,1
679,search,151.18,77.61,493.52,0
680,display,187.97,260.69,110.56,0
681,search,111.52,408.68,141.24,0
682,display,291.45,480.84,12.78,1
683,search,18.43,138.13,379.24,0
684,email,144.78,451.72,474.18,1
685,email,34.11,107.06,429.54,0
686,social,112.37,167.31,299.2,0
687,social,31.71,452.65,383.58,1
688,display,243.7,219.81,86.03,0
689,search,398.9,97.89,301.17,1
690,display,47.91,232.99,329.12,0
691,social,84.82,437.92,428.83,1
692,social,15.82,496.07,110.59,0
693,social,81.1,219.82,418.02,0
694,search,60.85,94.01,430.86,0
695,search,60.91,187.39,285.46,0
696,email,11.89,404.98,63.55,0
697,social,472.73,366.0,50.01,1
698,display,60.63,164.95,317.31,0
699,email,113.1,12.46,160.83,0
700,social,152.02,417.31,375.99,1
701,display,293.86,427.71,173.54,1
702,display,152.74,278.41,311.34,0
703,email,379.5,28.76,401.16,1
704,search,255.41,241.72,334.64,1
705,social,16.8,360.86,498.4,1
706,social,343.48,440.01,127.19,1
707,display,294.93,403.27,58.82,0
708,social,179.83,325.21,456.46,1
709,display,280.91,338.09,199.93,1
710,email,14.92,424.87,36.93,0
711,email,465.69,221.21,15.42,0
712,social,190.5,301.57,434.3,1
713,display,444.66,255.54,373.95,1
714,social,392.61,116.2,166.6,0
715,display,275.44,32.13,417.32,0
716,email,63.77,172.27,114.86,0
717,display,107.71,264.17,488.86,1
718,display,304.07,359.61,37.71,0
719,social,494.15,230.05,263.31,1
720,display,261.02,191.95,458.91,1
721,email,11.62,323.14,314.82,0
722,social,290.75,211.48,171.3,0
723,social,215.93,493.47,208.24,1
724,email,294.14,442.53,475.35,1
725,email,430.57,200.47,37.17,0
726,social,160.11,157.34,493.8,1
727,display,260.7,32.81,380.18,0
728,social,65.46,175.55,214.64,0
729,display,87.17,107.2,292.54,0
730,email,357.73,25.72,137.13,0
731,search,125.17,261.77,153.93,0
732,search,338.35,374.25,388.88,1
733,social,152.06,157.63,33.55,0
734,email,253.77,248.25,353.59,1
735,search,184.19,232.41,400.86,1
736,social,211.05,109.63,417.62,0
737,social,40.9,303.56,182.41,0
738,display,491.89,127.8,290.82,1
739,email,402.34,155.84,370.02,1
740,social,488.2,490.84,210.55,1
741,email,409.43,272.95,32.92,0
742,social,216.04,184.25,475.46,1
743,display,459.91,85.11,227.89,0
744,display,75.01,426.53,235.1,0
745,display,195.39,386.97,148.35,0
746,search,226.42,14.33,353.93,0
747,display,32.66,96.61,397.23,0
748,social,338.35,337.11,68.4,0
749,social,463.26,344.37,412.23,1
750,social,412.72,243.13,103.94,0
751,social,270.21,320.76,437.0,1
752,display,441.49,398.69,457.29,1
753,search,123.24,182.96,168.86,0
754,display,47.38,374.99,342.32,0
755,search,387.29,313.06,233.68,1
756,social,146.28,187.93,309.59,0
757,display,382.56,190.22,84.5,0
758,search,207.47,441.59,56.61,0
759,social,172.16,233.94,491.1,1
760,social,476.73,33.2,112.11,0
761,display,236.69,31.22,496.55,0
762,social,349.41,60.72,403.61,1
763,social,26.85,110.2,321.97,0
764,search,436.11,278.52,128.09,1
765,search,49.72,249.63,466.23,0
766,social,83.83,10.44,102.59,0
767,social,20.58,288.92,71.52,0
768,display,254.01,440.99,249.77,1
769,display,397.14,243.1,20.92,0
770,email,434.18,445.4,41.46,1
771,email,38.39,272.65,454.38,0
772,display,459.38,154.82,111.49,0
773,email,39.22,389.21,98.64,0
774,email,238.69,132.99,171.01,0
775,social,44.24,225.01,279.56,0
776,email,347.71,374.39,334.86,1
777,social,231.33,269.67,499.91,1
778,display,363.11,160.04,232.16,0
779,social,384.99,368.49,249.83,1
780,email,475.74,228.05,44.2,0
781,search,494.55,268.0,411.03,1
782,search,392.8,148.33,69.94,0
783,social,213.86,139.73,191.95,0
784,email,129.19,311.67,422.43,1
785,search,142.6,286.65,230.29,0
786,social,244.76,375.68,251.55,1
787,search,406.22,124.43,35.23,0
788,display,151.82,369.4,215.17,0
789,social,180.99,359.37,109.24,0
790,display,236.49,82.87,310.79,0
791,display,248.11,481.34,225.73,1
792,email,452.68,470.81,14.32,1
793,display,84.89,389.69,464.76,1
794,email,54.53,284.33,476.85,1
795,search,451.06,473.18,35.92,1
796,email,89.58,160.09,44.86,0
797,email,328.81,432.62,197.06,1
798,email,56.51,133.22,219.57,0
799,social,145.98,428.96,435.16,1
800,search,467.15,454.7,40.84,1
801,display,269.67,361.69,314.28,1
802,search,491.54,64.32,445.31,1
803,display,129.28,58.22,176.1,0
804,social,416.64,213.67,259.54,1
805,display,164.99,251.66,428.43,1
806,search,358.2,11.59,46.2,0
807,search,162.74,479.95,295.45,1
808,email,44.45,106.27,430.72,0
809,search,216.46,79.94,208.5,0
810,social,132.91,169.1,463.63,0
811,email,469.43,209.86,97.86,0
812,social,79.87,104.66,484.01,0
813,social,99.91,298.58,435.54,1
814,email,448.82,109.08,202.11,0
815,search,365.89,233.33,480.38,1
816,search,41.51,133.19,492.09,0
817,email,361.08,348.68,262.77,1
818,search,406.09,160.72,24.55,0
819,search,440.29,152.64,43.52,0
820,search,415.01,61.02,42.74,0
821,email,402.21,65.14,424.61,1
822,display,28.63,249.25,402.54,0
823,social,25.01,14.4,210.05,0
824,display,157.04,226.66,273.16,0
825,search,300.2,295.58,200.29,1
826,email,119.17,291.42,220.42,0
827,search,77.81,135.79,75.59,0
828,display,42.9,372.7,60.76,0
829,email,49.57,33.94,96.81,0
830,display,386.97,367.79,184.79,1
831,social,184.07,440.21,97.45,0
832,social,143.84,469.71,425.0,1
833,email,178.31,190.45,121.19,0
834,display,318.7,119.49,123.76,0
835,email,447.23,203.5,32.18,0
836,display,20.83,83.39,317.42,0
837,email,174.76,62.59,137.2,0
838,search,87.26,462.99,306.18,1
839,display,157.11,129.47,276.93,0
840,display,429.66,158.94,269.91,1
841,email,60.68,498.46,113.59,0
842,display,40.81,105.98,494.8,0
843,display,14.03,61.35,335.27,0
844,search,179.25,12.81,454.45,0
845,social,414.3,433.02,387.78,1
846,email,217.58,72.63,54.0,0
847,social,78.44,117.38,319.34,0
848,display,67.95,168.04,146.64,0
849,email,285.18,263.5,171.93,0
850,display,327.83,111.96,97.21,0
851,social,384.48,140.74,15.54,0
852,email,418.3,240.88,150.59,1
853,search,276.9,87.22,143.5,0
854,social,402.83,459.36,220.67,1
855,display,409.68,388.2,494.51,1
856,display,38.69,279.0,89.15,0
857,email,462.53,80.83,197.42,0
858,display,118.45,424.42,29.38,0
859,search,451.45,172.62,128.29,0
860,display,300.71,111.91,111.49,0
861,search,204.84,67.54,438.48,0
862,email,376.62,167.13,297.8,1
863,social,368.15,385.1,467.61,1
864,email,343.57,135.76,481.01,1
865,display,240.73,306.81,348.5,1
866,search,408.3,29.7,321.44,0
867,display,32.78,142.38,407.02,0
868,email,443.8,43.63,29.97,0
869,search,364.29,175.26,294.28,1
870,email,77.73,24.48,226.26,0
871,search,400.77,333.23,455.64,1
872,email,52.21,448.18,75.14,0
873,search,25.17,135.77,198.33,0
874,search,498.0,297.85,15.65,1
875,social,498.32,344.8,480.26,1
876,display,388.28,15.49,250.08,0
877,display,237.3,322.9,266.9,1
878,display,415.55,287.87,487.27,1
879,email,94.07,248.29,173.58,0
880,display,33.28,351.71,270.24,0
881,social,403.21,149.45,196.43,0
882,search,44.61,440.13,415.5,1
883,display,276.25,56.29,313.74,0
884,email,40.87,428.35,321.41,1
885,display,346.55,259.83,123.18,0
886,search,321.6,175.9,244.82,0
887,social,307.32,33.1,87.82,0
888,social,248.76,443.97,418.91,1
889,social,354.13,221.75,498.39,1
890,search,43.92,234.98,288.94,0
891,social,309.04,78.69,202.02,0
892,social,416.76,216.65,79.84,0
893,search,384.87,315.94,103.29,1
894,display,113.17,10.14,37.66,0
895,display,315.77,480.39,89.52,1
896,social,125.1,278.16,238.92,0
897,display,160.5,256.8,263.35,0
898,display,97.36,445.48,474.32,1
899,search,96.79,416.16,138.15,0
900,search,21.23,357.51,414.96,1
901,search,271.4,118.82,396.25,1
902,social,293.44,203.4,267.06,0
903,email,25.3,288.07,118.35,0
904,email,312.93,338.97,383.6,1
905,social,55.3,33.81,205.45,0
906,email,380.46,330.85,326.03,1
907,search,158.39,62.3,458.07,0
908,email,168.8,450.61,171.16,1
909,search,242.8,447.72,92.61,0
910,email,226.66,240.06,389.37,1
911,display,383.69,66.77,89.64,0
912,search,472.95,452.62,121.01,1
913,social,238.03,410.96,254.7,1
914,social,200.22,331.75,16.56,0
915,search,260.48,58.86,55.67,0
916,email,374.74,106.96,450.44,1
917,social,77.49,174.57,123.82,0
918,search,159.16,371.39,88.1,0
919,search,181.51,195.68,98.36,0
920,social,348.86,41.43,75.81,0
921,email,106.99,15.21,194.18,0
922,social,340.87,478.99,105.76,1
923,display,469.57,136.95,37.03,0
924,social,447.91,370.89,80.76,1
925,search,488.85,445.22,109.08,1
926,display,31.51,497.76,278.95,1
927,email,321.88,78.03,24.49,0
928,social,484.53,306.63,193.74,1
929,email,341.81,371.16,454.41,1
930,social,229.89,146.42,417.17,1
931,social,370.61,277.7,170.84,1
932,email,10.54,424.86,16.27,0
933,display,389.13,445.52,29.34,1
934,display,152.18,174.49,485.08,1
935,display,181.01,302.67,475.58,1
936,search,325.35,146.28,413.53,1
937,search,86.62,376.76,211.88,0
938,display,227.41,115.05,56.13,0
939,search,403.65,476.06,469.9,1
940,email,29.23,31.1,243.17,0
941,display,107.57,148.53,264.52,0
942,email,203.8,397.63,350.03,1
943,social,29.35,239.32,227.58,0
944,display,411.21,402.17,152.45,1
945,display,307.24,347.01,240.51,1
946,social,95.76,352.0,309.24,0
947,social,414.19,409.55,190.39,1
948,search,162.56,256.8,341.03,0
949,social,497.8,225.98,277.01,1
950,email,304.23,216.6,226.13,0
951,display,135.93,365.65,241.37,0
952,display,107.68,73.29,192.1,0
953,email,260.56,34.03,455.49,0
954,social,326.58,193.08,333.14,1
955,email,106.53,408.33,335.89,1
956,search,231.32,163.59,229.21,0
957,email,472.16,400.68,470.43,1
958,email,397.04,300.87,261.87,1
959,email,131.8,217.1,218.49,0
960,social,14.17,131.97,25.56,0
961,email,354.29,302.3,386.86,1
962,display,298.17,359.82,330.16,1
963,social,138.51,483.26,251.7,1
964,display,24.93,373.91,420.9,1
965,social,61.28,438.95,260.98,0
966,search,271.24,364.59,37.4,0
967,social,465.34,406.96,73.31,1
968,email,379.74,177.08,134.88,0
969,search,183.8,91.97,152.31,0
970,email,233.45,146.8,122.17,0
971,social,366.9,275.5,304.69,1
972,email,493.16,58.4,103.48,0
973,email,373.52,199.11,10.57,0
974,social,268.46,332.96,382.25,1
975,display,97.74,418.72,190.32,0
976,search,221.0,473.12,496.72,1
977,email,211.72,94.9,49.0,0
978,search,32.89,327.38,49.0,0
979,social,481.49,490.11,382.62,1
980,email,188.72,374.31,407.32,1
981,display,200.2,112.43,52.7,0
982,email,12.96,204.64,178.33,0
983,search,444.82,222.21,314.4,1
984,social,136.39,372.81,440.01,1
985,email,150.15,344.72,338.31,1
986,search,96.39,329.03,399.78,1
987,email,267.67,104.72,372.83,0
988,social,292.85,180.94,401.39,1
989,search,340.05,460.37,105.26,1
990,email,145.52,272.96,112.85,0
991,social,286.23,62.77,116.1,0
992,search,135.56,430.73,103.04,0
993,search,398.75,223.42,323.71,1
994,email,420.33,32.97,288.29,0
995,display,441.08,269.63,339.25,1
996,search,463.96,369.14,181.35,1
997,email,356.5,437.29,246.24,1
998,display,105.57,250.19,155.87,0
999,social,86.39,220.25,343.45,0
1000,social,413.59,389.01,398.37,1
1001,email,391.66,481.72,406.93,1
1002,social,205.15,233.9,107.59,0
1003,search,56.8,313.58,333.81,0
1004,display,274.64,492.16,300.51,1
1005,email,77.14,26.13,294.45,0
1006,social,368.93,431.13,452.21,1
1007,social,129.06,191.94,92.54,0
1008,email,283.4,135.14,240.45,0
1009,search,360.6,82.85,445.76,1
1010,display,284.97,468.18,402.15,1
1011,email,243.95,125.04,443.5,1
1012,search,125.23,476.4,245.46,1
1013,search,412.83,404.29,378.77,1
1014,email,15.77,379.64,309.46,0
1015,display,230.1,34.27,220.79,0
1016,social,416.72,348.79,11.26,0
1017,social,342.56,149.56,301.96,1
1018,email,112.26,336.45,167.12,0
1019,social,490.96,71.43,326.34,1
1020,social,372.19,320.1,88.38,0
1021,social,483.93,52.78,305.32,1
1022,display,267.72,481.59,304.23,1
1023,social,163.35,453.67,95.48,0
1024,social,151.41,120.31,213.82,0
1025,social,451.51,433.48,227.62,1
1026,social,241.67,284.73,181.37,0
1027,search,348.58,73.51,110.1,0
1028,social,194.38,162.57,175.28,0
1029,email,123.1,447.54,104.24,0
1030,display,467.4,432.45,152.2,1
1031,email,216.53,202.0,229.75,0
1032,social,127.47,487.19,46.61,0
1033,search,102.02,421.68,147.35,0
1034,email,404.84,230.08,433.73,1
1035,display,432.91,378.82,242.05,1
1036,social,168.8,447.25,249.64,1
1037,search,401.98,158.62,127.51,0
1038,social,419.01,52.17,226.05,0
1039,search,96.78,80.52,429.67,0
1040,email,256.96,483.52,52.91,1
1041,email,335.74,106.61,255.2,0
1042,email,430.72,200.39,158.3,1
1043,email,369.89,417.02,489.58,1
1044,display,459.95,46.53,172.57,0
1045,search,131.42,346.1,139.61,0
1046,email,34.63,307.77,157.24,0
1047,email,125.65,326.22,61.57,0
1048,email,409.76,215.59,164.33,1
1049,display,90.95,488.01,322.76,1
1050,search,370.61,74.7,377.16,1
1051,search,336.59,198.03,113.34,0
1052,display,56.43,29.24,148.93,0
1053,email,479.92,55.2,406.59,1
1054,email,450.64,89.0,208.86,0
1055,search,38.28,260.07,225.35,0
1056,search,228.43,443.46,304.07,1
1057,social,161.35,64.34,60.33,0
1058,search,205.66,418.67,118.43,0
1059,email,49.62,277.7,246.92,0
1060,search,187.26,165.38,226.06,0
1061,email,101.71,170.85,40.46,0
1062,search,376.39,336.28,133.2,1
1063,search,240.06,497.18,150.19,1
1064,search,377.36,68.28,287.41,0
1065,search,202.2,199.71,61.06,0
1066,email,21.19,21.61,292.89,0
1067,display,247.23,282.28,379.44,1
1068,search,479.72,476.38,297.6,1
1069,social,290.52,336.71,467.53,1
1070,email,348.44,475.04,441.36,1
1071,display,24.54,291.6,265.62,0
1072,social,493.59,460.03,453.4,1
1073,search,462.86,173.28,57.44,0
1074,search,287.45,493.07,357.06,1
1075,display,111.51,413.55,182.06,0
1076,social,56.47,366.87,116.85,0
1077,display,474.78,302.28,122.53,1
1078,search,477.38,126.99,339.03,1
1079,email,213.52,434.77,407.28,1
1080,social,109.18,209.38,101.0,0
1081,social,141.45,129.0,404.02,0
1082,email,52.18,120.89,486.98,0
1083,search,490.62,161.77,482.17,1
1084,search,294.43,190.73,362.29,1
1085,display,176.42,107.95,85.51,0
1086,display,191.75,341.46,318.66,1
1087,display,77.73,247.35,373.41,0
1088,email,80.91,383.78,272.82,0
1089,social,115.46,328.42,128.09,0
1090,search,443.92,129.19,147.26,0
1091,search,294.16,427.38,107.4,1
1092,email,449.83,43.06,147.51,0
1093,email,496.43,113.28,15.44,0
1094,social,490.42,54.03,445.98,1
1095,search,368.65,136.3,278.2,0
1096,email,62.72,64.47,37.9,0
1097,display,468.57,247.51,83.52,1
1098,social,28.27,420.38,471.39,1
1099,search,412.37,162.82,498.63,1
1100,search,76.73,279.3,463.41,1
1101,display,372.71,348.16,192.05,1
1102,display,225.8,53.82,384.33,0
1103,search,299.84,203.7,367.46,1
1104,search,252.51,163.03,34.52,0
1105,display,292.35,142.32,33.46,0
1106,social,488.76,377.97,163.91,1
1107,display,468.39,245.33,283.92,1
1108,social,12.87,333.59,443.41,1
1109,social,332.16,433.53,391.6,1
1110,search,413.86,63.01,200.25,0
1111,search,478.94,467.38,429.24,1
1112,social,411.06,455.3,102.35,1
1113,social,206.3,157.57,495.37,1
1114,email,275.27,308.82,236.25,1
1115,search,162.34,43.05,213.71,0
1116,display,252.66,479.38,47.28,0
1117,search,407.04,487.68,441.3,1
1118,social,170.99,89.97,458.71,0
1119,email,250.24,21.85,320.13,0
1120,email,169.42,370.34,345.75,1
1121,display,227.67,76.7,298.06,0
1122,search,142.74,107.66,242.44,0
1123,social,77.07,316.37,198.87,0
1124,email,182.65,32.58,333.9,0
1125,social,363.4,213.54,473.87,1
1126,display,66.78,79.84,242.92,0
1127,search,200.81,373.75,18.28,0
1128,social,89.17,331.94,113.06,0
1129,display,230.49,185.7,245.52,0
1130,social,489.8,56.97,406.59,1
1131,email,120.72,130.78,344.39,0
1132,search,315.96,475.07,417.24,1
1133,display,495.51,176.27,45.23,0
1134,email,359.72,326.95,325.14,1
1135,search,33.6,225.8,378.71,0
1136,email,259.29,455.41,109.79,1
1137,email,226.86,53.2,215.66,0
1138,search,118.64,128.81,289.27,0
1139,display,21.22,186.0,441.07,0
1140,email,396.56,211.98,53.97,0
1141,social,251.29,175.71,325.35,0
1142,display,71.29,147.01,68.18,0
1143,email,477.6,19.56,249.11,0
1144,email,22.37,279.45,19.6,0
1145,search,401.81,336.89,394.42,1
1146,display,282.81,337.1,14.24,0
1147,social,365.52,465.33,142.45,1
1148,social,363.59,224.62,487.74,1
1149,search,309.59,291.42,482.77,1
1150,search,348.61,415.12,185.65,1
1151,email,118.78,284.16,398.12,1
1152,social,482.36,47.13,190.08,0
1153,social,464.04,132.62,187.92,1
1154,search,18.59,158.12,317.44,0
1155,social,204.24,34.87,215.93,0
1156,search,487.38,402.42,462.12,1
1157,search,469.06,70.63,215.33,0
1158,email,234.2,395.9,247.64,1
1159,search,217.03,280.23,169.06,0
1160,display,53.39,403.87,16.95,0
1161,search,247.59,484.28,218.62,1
1162,display,155.03,19.43,155.8,0
1163,display,162.1,335.49,175.68,0
1164,social,316.83,436.65,356.19,1
1165,search,184.07,119.68,440.82,0
1166,search,338.67,222.45,347.9,1
1167,search,411.52,420.71,200.2,1
1168,email,11.88,28.79,164.25,0
1169,email,401.33,48.77,461.72,1
1170,email,168.47,67.83,99.16,0
1171,search,362.12,337.88,214.02,1
1172,social,373.67,384.99,199.72,1
1173,display,405.06,109.33,239.45,0
1174,search,102.06,335.36,434.22,1
1175,social,51.66,304.5,291.02,0
1176,display,121.35,217.57,221.13,0
1177,search,253.21,364.8,45.31,0
1178,email,221.4,340.19,353.83,1
1179,email,64.89,482.19,212.55,0
1180,display,309.31,421.01,71.28,1
1181,email,53.21,98.11,133.89,0
1182,search,337.38,318.71,161.61,1
1183,email,450.4,440.86,307.84,1
1184,display,370.48,41.62,343.44,0
1185,display,394.73,157.36,229.73,0
1186,social,208.24,95.55,138.84,0
1187,search,37.86,104.09,258.41,0
1188,social,202.94,19.87,57.56,0
1189,email,388.78,254.04,18.19,0
1190,display,251.18,434.38,149.35,1
1191,social,94.93,499.33,81.79,0
1192,display,214.58,190.52,236.32,0
1193,email,448.3,325.11,310.5,1
1194,social,294.36,332.65,60.59,0
1195,email,233.5,420.87,367.52,1
1196,search,133.71,366.27,222.19,0
1197,display,399.9,94.93,274.56,0
1198,search,27.06,34.83,476.7,0
1199,display,55.48,416.12,181.51,0
1200,social,334.71,249.89,458.12,1
1201,display,339.08,91.71,173.02,0
1202,email,278.72,134.44,217.64,0
1203,search,247.9,187.15,200.47,0
1204,search,214.13,278.6,444.3,1
1205,email,177.1,323.1,344.81,1
1206,display,220.51,208.2,307.55,0
1207,search,462.48,490.39,241.95,1
1208,email,71.85,488.66,445.0,1
1209,email,217.7,91.03,308.41,0
1210,display,456.55,118.36,96.58,0
1211,social,423.86,82.89,337.83,1
1212,social,287.63,433.76,229.84,1
1213,social,463.28,359.26,438.52,1
1214,email,291.48,463.94,389.22,1
1215,display,46.42,399.92,236.65,0
1216,search,219.33,114.45,387.86,0
1217,email,126.13,277.43,436.77,1
1218,display,452.98,383.34,428.81,1
1219,search,62.66,401.66,354.47,1
1220,search,196.25,76.45,386.75,0
1221,social,182.13,334.0,392.6,1
1222,search,324.89,35.98,392.79,0
1223,display,301.73,266.81,78.57,0
1224,display,467.72,55.38,81.25,0
1225,social,66.92,13.63,161.62,0
1226,email,385.71,499.89,452.97,1
1227,display,264.98,73.58,324.0,0
1228,social,214.81,98.13,91.9,0
1229,search,206.38,92.31,59.6,0
1230,search,482.05,134.56,207.63,1
1231,display,282.09,407.72,478.01,1
1232,search,69.97,477.72,90.26,0
1233,email,26.92,324.12,92.73,0
1234,email,460.26,303.56,137.64,1
1235,email,404.47,356.26,151.22,1
1236,email,230.71,63.32,103.72,0
1237,social,105.18,435.27,266.27,1
1238,display,291.01,256.39,219.58,0
1239,search,161.53,51.58,45.65,0
1240,email,83.44,91.73,276.96,0
1241,social,292.57,335.67,422.31,1
1242,search,208.26,19.66,338.84,0
1243,email,154.15,199.31,361.26,0
1244,social,368.4,482.59,249.54,1
1245,display,45.66,412.77,139.71,0
1246,search,11.33,65.44,475.54,0
1247,email,168.88,258.26,268.96,0
1248,email,69.8,391.5,102.55,0
1249,social,251.03,219.77,13.24,0
1250,search,100.07,480.7,153.53,0
1251,email,370.02,103.88,305.32,0
1252,email,32.96,207.02,472.05,0
1253,display,496.67,189.6,328.94,1
1254,display,176.6,141.5,144.19,0
1255,social,172.91,448.46,223.38,1
1256,email,265.16,344.03,486.6,1
1257,social,458.0,231.44,381.25,1
1258,social,29.31,105.83,230.25,0
1259,search,227.51,96.22,75.54,0
1260,display,226.11,436.34,197.05,1
1261,email,255.37,23.96,355.63,0
1262,email,101.54,65.14,333.87,0
1263,search,384.7,234.13,459.54,1
1264,email,263.34,257.14,309.64,1
1265,email,325.56,398.52,22.67,0
1266,email,356.46,240.41,288.68,1
1267,search,474.78,333.73,17.64,1
1268,social,62.48,156.83,450.78,0
1269,email,28.9,474.33,353.76,1
1270,display,138.66,367.34,171.59,0
1271,social,415.32,112.63,116.32,0
1272,search,57.87,409.94,11.41,0
1273,social,392.6,294.13,93.24,0
1274,search,368.83,63.04,388.19,1
1275,display,124.63,402.39,128.75,0
1276,search,485.24,178.81,423.21,1
1277,display,150.39,89.64,270.61,0
1278,search,231.79,202.61,440.85,1
1279,search,89.17,357.34,349.17,1
1280,display,201.66,179.58,236.29,0
1281,search,151.01,72.57,417.5,0
1282,social,436.69,412.75,497.86,1
1283,search,441.27,348.67,275.97,1
1284,display,431.36,383.6,259.14,1
1285,email,200.69,121.73,175.4,0
1286,display,111.25,108.8,243.66,0
1287,social,423.58,376.78,346.15,1
1288,email,33.82,267.63,361.3,0
1289,search,209.05,10.24,165.79,0
1290,search,302.49,12.0,48.33,0
1291,search,261.39,296.09,106.73,0
1292,social,256.48,299.72,80.99,0
1293,search,137.94,442.13,88.98,0
1294,email,309.62,174.84,170.06,0
1295,display,491.02,308.95,273.32,1
1296,social,448.89,360.5,442.71,1
1297,social,195.06,301.27,90.52,0
1298,search,481.17,403.36,107.32,1
1299,display,253.46,34.64,455.02,0
1300,social,95.25,88.6,451.84,0
1301,search,478.89,184.35,248.98,1
1302,display,414.52,128.92,356.33,1
1303,display,233.91,432.59,459.35,1
1304,email,295.07,360.96,486.21,1
1305,display,125.86,268.45,313.48,0
1306,email,113.57,172.95,424.66,0
1307,email,139.21,155.42,249.55,0
1308,display,360.69,456.08,356.59,1
1309,display,11.16,390.94,475.56,1
1310,email,24.86,354.82,303.25,0
1311,display,41.02,111.79,43.53,0
1312,display,405.09,192.93,24.7,0
1313,social,213.93,157.61,143.07,0
1314,display,369.35,218.57,95.43,0
1315,social,202.94,248.65,272.2,0
1316,social,432.73,324.39,435.94,1
1317,search,293.62,150.85,12.02,0
1318,search,459.36,123.98,17.66,0
1319,search,439.52,399.23,468.65,1
1320,display,217.37,377.01,57.78,0
1321,display,197.05,127.45,425.28,0
1322,display,235.07,69.2,200.75,0
1323,search,257.04,33.0,322.4,0
1324,display,27.08,444.75,450.07,1
1325,search,71.08,295.63,448.45,1
1326,display,347.87,494.59,274.7,1
1327,social,477.92,34.51,169.92,0
1328,search,375.61,166.27,304.13,1
1329,search,479.01,46.98,75.45,0
1330,social,341.7,447.59,18.96,1
1331,email,416.33,134.49,445.11,1
1332,email,80.9,408.64,196.81,0
1333,display,16.95,66.18,179.86,0
1334,display,207.25,67.44,363.05,0
1335,search,88.79,12.08,227.5,0
1336,display,379.21,139.26,368.61,1
1337,display,132.99,32.71,162.89,0
1338,email,49.73,51.32,217.93,0
1339,display,99.71,492.31,333.84,1
1340,search,372.44,394.15,187.74,1
1341,email,98.69,325.97,264.92,0
1342,display,16.97,209.71,351.78,0
1343,search,148.29,443.84,171.7,0
1344,email,228.63,94.42,330.68,0
1345,search,64.42,133.86,300.11,0
1346,social,162.26,95.78,381.04,0
1347,email,312.96,71.1,80.98,0
1348,email,266.22,117.88,326.06,0
1349,display,316.08,268.21,118.98,0
1350,search,211.2,388.93,17.76,0
1351,social,43.13,312.47,456.96,1
1352,display,58.6,270.98,470.37,1
1353,search,240.2,81.74,398.88,0
1354,social,233.56,279.53,408.69,1
1355,email,415.44,277.11,470.93,1
1356,social,286.77,198.0,227.1,0
1357,social,87.56,432.58,205.41,0
1358,social,387.76,185.34,353.88,1
1359,display,209.72,159.19,482.32,1
1360,email,111.08,371.34,250.14,0
1361,social,359.45,320.08,38.42,0
1362,display,376.89,414.62,308.59,1
1363,email,431.31,125.2,280.27,1
1364,display,258.16,429.99,178.41,1
1365,email,28.52,291.62,23.54,0
1366,search,323.62,295.57,329.3,1
1367,social,483.24,447.74,313.27,1
1368,search,249.78,151.25,413.63,1
1369,display,76.06,200.75,273.3,0
1370,social,129.9,51.89,80.35,0
1371,email,399.42,457.63,335.86,1
1372,display,130.38,90.73,444.7,0
1373,search,231.85,104.5,169.35,0
1374,display,149.71,174.93,215.38,0
1375,search,88.17,400.51,398.7,1
1376,email,470.47,248.18,166.6,1
1377,social,225.4,446.16,40.63,0
1378,display,74.55,287.81,314.96,0
1379,social,100.93,193.73,200.98,0
1380,search,257.72,281.55,58.84,0
1381,social,311.14,336.93,491.8,1
1382,email,260.55,284.86,432.13,1
1383,email,233.31,430.19,260.25,1
1384,search,440.56,340.65,157.61,1
1385,email,63.04,206.01,290.38,0
1386,display,38.63,491.3,216.93,0
1387,search,149.21,245.1,315.38,0
1388,social,341.62,318.26,340.89,1
1389,social,418.1,96.26,309.31,1
1390,display,408.53,31.67,140.96,0
1391,email,149.56,272.02,490.35,1
1392,email,452.62,246.26,497.53,1
1393,social,139.06,78.39,454.3,0
1394,social,244.01,369.58,145.36,0
1395,social,112.62,210.57,481.05,1
1396,search,222.71,22.47,240.66,0
1397,email,170.19,139.9,409.65,0
1398,social,429.54,475.78,407.47,1
1399,email,451.3,420.1,18.81,1
1400,email,452.15,57.38,102.95,0
1401,search,200.78,290.91,187.39,0
1402,email,299.17,382.36,218.72,1
1403,search,89.73,341.85,498.12,1
1404,display,413.82,349.74,58.57,1
1405,search,390.64,490.93,290.16,1
1406,social,276.78,487.68,22.37,1
1407,search,464.77,241.57,176.74,1
1408,social,415.39,233.17,350.42,1
1409,social,90.23,417.74,172.89,0
1410,search,424.98,38.9,357.64,1
1411,social,444.88,212.08,444.92,1
1412,email,103.26,373.57,210.28,0
1413,display,343.2,324.97,176.49,1
1414,display,247.97,247.01,127.22,0
1415,display,201.81,181.44,487.98,1
1416,social,138.24,429.96,19.27,0
1417,display,386.57,416.6,428.71,1
1418,display,410.73,471.47,111.14,1
1419,search,242.96,161.63,360.59,0
1420,email,480.07,415.8,422.41,1
1421,display,305.19,175.96,47.02,0
1422,display,183.36,43.95,484.86,0
1423,email,63.45,102.99,185.95,0
1424,search,226.71,356.44,193.85,0
1425,search,487.99,176.69,198.82,1
1426,email,64.94,360.53,25.48,0
1427,display,309.44,105.93,336.65,0
1428,search,91.84,233.16,270.04,0
1429,email,468.69,64.72,358.01,1
1430,email,184.73,465.24,330.4,1
1431,display,437.59,172.62,203.34,1
1432,search,112.67,447.97,61.92,0
1433,email,99.72,371.75,356.15,1
1434,email,127.18,20.63,369.11,0
1435,search,100.0,108.96,151.77,0
1436,social,478.95,398.08,178.81,1
1437,email,105.47,338.11,127.93,0
1438,email,271.1,324.86,106.41,0
1439,email,304.21,298.25,100.17,0
1440,email,498.56,321.61,198.14,1
1441,display,132.39,394.17,201.98,0
1442,social,383.05,82.9,389.7,1
1443,email,368.53,420.47,294.46,1
1444,email,481.97,273.26,90.75,1
1445,search,479.17,138.4,250.76,1
1446,social,486.9,111.78,484.5,1
1447,search,179.21,438.55,319.76,1
1448,search,395.05,133.15,230.5,0
1449,search,453.26,92.54,32.0,0
1450,email,404.43,58.23,416.3,1
1451,search,116.87,396.28,288.03,1
1452,email,447.83,418.6,398.69,1
1453,display,477.62,297.23,22.6,1
1454,email,47.06,60.72,84.32,0
1455,email,456.79,134.59,228.96,1
1456,search,35.7,198.68,82.36,0
1457,display,276.52,233.9,205.69,0
1458,display,207.86,257.27,199.5,0
1459,search,283.7,77.52,245.58,0
1460,social,239.74,424.86,116.29,0
1461,email,374.87,415.73,26.92,1
1462,search,381.34,283.38,135.55,1
1463,search,49.59,138.87,305.11,0
1464,social,441.38,357.82,59.56,1
1465,search,462.77,389.61,173.89,1
1466,search,243.22,218.41,435.09,1
1467,email,361.73,63.33,189.36,0
1468,email,187.1,322.37,23.4,0
1469,email,149.5,472.67,408.45,1
1470,search,287.53,309.94,50.31,0
1471,search,431.28,375.4,83.6,1
1472,email,157.43,139.65,198.61,0
1473,social,334.67,176.47,228.0,0
1474,email,269.12,460.75,292.28,1
1475,social,330.77,211.56,171.92,0
1476,email,313.83,206.25,293.14,1
1477,email,387.77,438.55,403.71,1
1478,social,66.62,352.36,35.48,0
1479,display,482.25,488.11,372.0,1
1480,display,197.18,188.97,498.04,1
1481,social,248.58,453.61,329.25,1
1482,search,331.37,25.63,343.01,0
1483,search,175.3,322.84,201.76,0
1484,display,360.2,437.17,33.34,1
1485,email,483.57,16.04,257.53,0
1486,search,269.52,121.7,325.15,0
1487,display,63.2,374.54,160.45,0
1488,email,35.84,236.69,368.42,0
1489,email,498.89,31.85,303.02,1
1490,email,332.96,68.48,466.7,1
1491,email,391.67,428.57,409.7,1
1492,display,304.05,191.08,411.67,1
1493,social,68.57,338.34,340.72,0
1494,social,24.68,30.7,85.79,0
1495,display,444.45,484.54,52.75,1
1496,display,265.98,327.63,99.73,0
1497,search,229.6,30.33,432.99,0
1498,email,397.55,433.66,17.74,1
1499,social,300.42,152.64,223.75,0
1500,display,30.23,138.71,218.25,0
1501,display,118.75,222.86,296.48,0
1502,social,116.49,349.72,144.93,0
1503,social,361.99,178.92,65.03,0
1504,social,116.09,155.8,379.55,0
1505,display,192.71,80.14,194.02,0
1506,display,122.68,325.71,173.92,0
1507,email,44.7,25.67,53.6,0
1508,display,199.61,223.5,470.03,1
1509,email,48.04,45.07,402.54,0
1510,display,79.78,213.63,220.96,0
1511,display,169.55,89.17,159.91,0
1512,social,267.37,124.93,398.58,1
1513,search,276.91,230.99,265.23,0
1514,email,112.71,66.23,353.59,0
1515,search,488.27,279.71,220.99,1
1516,display,428.78,132.93,131.23,0
1517,display,280.95,207.78,132.1,0
1518,social,333.81,374.32,157.91,1
1519,display,114.02,289.4,149.03,0
1520,social,61.64,219.66,132.29,0
1521,social,199.24,211.76,149.65,0
1522,social,174.44,178.79,480.77,1
1523,search,228.48,437.57,79.66,0
1524,social,238.52,405.51,257.75,1
1525,display,128.05,406.33,293.19,1
1526,social,410.88,14.82,369.51,1
1527,email,355.51,469.62,30.52,1
1528,social,212.73,170.62,236.81,0
1529,search,354.3,283.39,202.63,1
1530,social,299.31,409.54,40.16,0
1531,search,140.33,454.29,62.07,0
1532,email,292.17,132.36,329.68,0
1533,social,360.12,440.74,328.53,1
1534,display,230.88,128.79,114.23,0
1535,social,172.89,257.99,51.58,0
1536,display,185.48,492.29,86.19,0
1537,search,21.31,204.8,252.2,0
1538,email,291.1,351.86,163.9,1
1539,email,43.67,225.63,290.57,0
1540,email,231.96,401.59,244.86,1
1541,email,400.36,387.5,491.84,1
1542,email,456.54,269.39,118.15,1
1543,display,432.03,450.68,93.13,1
1544,email,136.63,423.97,339.34,1
1545,display,256.52,365.72,105.59,0
1546,social,432.7,320.64,49.6,1
1547,social,58.4,200.26,206.53,0
1548,search,95.47,235.42,260.2,0
1549,social,66.22,131.03,447.39,0
1550,social,270.08,216.74,27.67,0
1551,email,178.07,186.43,88.22,0
1552,display,135.21,152.55,413.2,0
1553,email,118.73,314.99,221.0,0
1554,email,19.44,307.57,107.33,0
1555,social,42.06,32.77,237.5,0
1556,display,69.07,494.87,194.24,0
1557,display,198.22,100.64,376.41,0
1558,email,404.2,73.36,109.95,0
1559,display,451.73,464.29,440.01,1
1560,display,262.83,75.84,426.16,0
1561,email,370.18,286.53,421.85,1
1562,social,188.53,285.69,353.15,1
1563,display,482.41,64.93,374.82,1
1564,social,177.58,346.93,239.81,0
1565,social,102.69,10.38,158.02,0
1566,email,353.14,316.64,193.62,1
1567,email,46.47,163.75,365.8,0
1568,search,466.48,387.77,213.53,1
1569,display,398.33,379.06,378.98,1
1570,display,428.71,215.11,77.38,0
1571,social,356.85,160.97,286.71,1
1572,social,340.39,69.23,201.56,0
1573,display,122.64,104.55,149.99,0
1574,email,51.85,169.33,320.19,0
1575,social,193.28,445.17,367.6,1
1576,display,369.93,361.14,356.03,1
1577,display,152.13,254.53,279.57,0
1578,social,278.82,270.79,92.81,0
1579,email,290.2,351.51,487.0,1
1580,email,47.03,463.1,21.75,0
1581,display,302.93,94.58,67.03,0
1582,email,485.85,433.86,303.03,1
1583,email,399.68,260.97,101.54,0
1584,display,382.11,269.86,309.61,1
1585,email,424.79,159.04,92.66,0
1586,social,18.5,423.54,274.26,0
1587,search,52.92,485.83,66.26,0
1588,email,232.48,352.14,21.77,0
1589,email,418.32,39.22,208.25,0
1590,email,104.03,375.43,244.09,0
1591,email,159.85,373.07,100.95,0
1592,display,77.39,44.29,295.49,0
1593,social,92.55,162.3,108.25,0
1594,search,423.56,68.35,342.56,1
1595,search,344.91,283.17,490.06,1
1596,social,452.01,264.95,482.55,1
1597,email,431.15,290.97,323.46,1
1598,search,397.69,14.55,364.79,0
1599,social,200.69,428.07,467.23,1
1600,social,362.69,324.28,223.02,1
1601,email,405.58,165.99,47.25,0
1602,display,456.62,11.45,233.07,0
1603,email,387.01,381.37,434.82,1
1604,search,378.64,224.84,348.16,1
1605,email,393.49,206.17,138.24,0
1606,search,401.41,299.49,284.09,1
1607,social,15.34,65.33,292.98,0
1608,search,472.7,323.12,122.93,1
1609,email,376.7,219.14,118.88,0
1610,display,186.88,320.66,438.24,1
1611,email,292.62,130.06,98.06,0
1612,display,40.67,117.54,411.71,0
1613,search,342.39,400.45,235.53,1
1614,display,343.81,477.09,290.24,1
1615,social,201.17,164.22,300.09,0
1616,search,244.25,425.24,342.9,1
1617,search,150.9,294.24,365.41,1
1618,display,388.16,461.95,375.03,1
1619,social,220.37,167.08,127.68,0
1620,social,129.27,144.42,498.94,0
1621,display,163.08,307.55,324.33,1
1622,email,57.22,337.55,197.53,0
1623,email,185.49,118.79,177.19,0
1624,social,328.6,139.85,111.94,0
1625,search,150.96,345.76,41.19,0
1626,email,439.14,392.2,228.6,1
1627,display,110.29,396.82,394.97,1
1628,social,400.9,13.93,443.43,1
1629,search,273.39,127.6,33.72,0
1630,social,417.5,352.95,308.72,1
1631,email,101.76,177.15,169.84,0
1632,search,16.07,121.02,50.06,0
1633,email,195.03,104.29,442.21,0
1634,social,338.95,298.99,24.22,0
1635,display,497.45,497.53,85.35,1
1636,display,291.79,158.78,329.29,0
1637,search,408.78,360.9,15.93,1
1638,display,149.78,220.59,364.12,0
1639,email,304.43,51.01,125.28,0
1640,display,337.38,39.16,445.87,1
1641,social,401.11,224.1,222.66,1
1642,display,43.76,474.93,70.06,0
1643,email,474.58,99.81,288.37,1
1644,display,375.68,143.95,404.19,1
1645,display,418.43,125.14,408.35,1
1646,social,433.01,367.46,429.56,1
1647,email,402.92,211.67,407.11,1
1648,email,252.34,56.47,56.97,0
1649,email,315.65,337.36,416.89,1
1650,social,40.23,495.99,36.84,0
1651,email,459.49,305.2,276.86,1
1652,email,373.41,303.36,68.77,0
1653,search,164.77,31.3,413.21,0
1654,display,134.88,161.14,325.66,0
1655,display,117.48,195.97,209.1,0
1656,email,219.25,369.87,175.17,0
1657,email,188.58,410.29,461.2,1
1658,email,288.46,230.75,177.8,0
1659,email,455.09,106.28,178.95,0
1660,search,229.17,424.33,67.24,0
1661,display,163.86,471.72,286.28,1
1662,search,112.83,84.22,27.18,0
1663,social,420.59,53.39,327.47,1
1664,search,144.86,61.34,316.52,0
1665,social,453.71,12.61,240.91,0
1666,display,138.01,359.49,102.03,0
1667,social,174.5,472.54,410.72,1
1668,display,83.48,412.65,402.04,1
1669,email,136.05,315.16,156.65,0
1670,social,390.41,79.38,447.62,1
1671,display,297.12,32.86,498.78,1
1672,search,252.69,393.91,371.57,1
1673,email,195.92,294.25,102.97,0
1674,social,437.73,463.63,279.45,1
1675,search,480.82,362.83,182.65,1
1676,search,221.97,447.68,491.6,1
1677,social,270.04,356.89,484.01,1
1678,display,377.36,216.4,296.85,1
1679,search,300.63,62.43,166.41,0
1680,search,246.28,366.73,218.52,1
1681,search,95.35,420.16,486.75,1
1682,search,372.51,328.48,25.96,0
1683,social,278.52,81.98,444.67,1
1684,search,417.6,319.67,196.03,1
1685,social,396.15,294.74,17.27,0
1686,email,264.92,415.92,406.6,1
1687,display,183.91,94.3,484.37,0
1688,email,432.23,471.29,346.02,1
1689,email,484.39,217.3,39.05,0
1690,social,70.19,354.19,271.45,0
1691,social,456.11,212.32,87.19,0
1692,email,228.51,463.61,433.45,1
1693,email,149.74,97.37,140.04,0
1694,search,365.72,469.23,255.47,1
1695,search,199.8,488.56,278.63,1
1696,display,461.57,495.55,268.98,1
1697,search,401.38,218.82,475.19,1
1698,search,395.06,232.41,337.6,1
1699,search,359.68,362.62,181.91,1
1700,email,61.58,153.39,439.78,0
1701,display,425.0,454.82,480.08,1
1702,email,103.36,310.63,397.9,1
1703,display,464.33,406.83,196.08,1
1704,search,265.77,240.21,36.94,0
1705,social,291.49,117.73,489.09,1
1706,social,408.71,164.83,476.74,1
1707,social,259.6,433.8,207.83,1
1708,social,87.81,299.53,101.39,0
1709,social,210.14,348.49,307.92,1
1710,search,164.09,406.86,429.86,1
1711,social,449.94,59.15,378.26,1
1712,display,106.68,213.03,22.88,0
1713,search,232.94,396.35,343.73,1
1714,email,437.26,297.4,410.47,1
1715,email,253.69,157.07,426.5,1
1716,email,312.48,482.1,392.99,1
1717,search,205.3,27.68,337.62,0
1718,email,223.26,408.76,82.78,0
1719,search,497.69,273.75,462.76,1
1720,search,60.95,305.32,20.23,0
1721,email,382.4,207.2,144.75,0
1722,display,482.89,136.95,119.68,0
1723,email,491.27,219.23,400.53,1
1724,social,33.29,107.36,453.58,0
1725,search,93.15,16.28,454.39,0
1726,search,189.89,161.21,327.63,0
1727,email,261.35,174.89,398.27,1
1728,social,130.35,19.12,117.41,0
1729,social,125.14,433.32,49.24,0
1730,social,314.97,332.86,274.31,1
1731,search,369.55,31.91,427.38,1
1732,display,137.38,232.51,247.7,0
1733,search,468.35,212.92,154.12,1
1734,search,213.62,344.69,150.62,0
1735,email,39.24,58.01,473.19,0
1736,social,195.6,198.41,20.01,0
1737,social,322.43,263.3,187.07,0
1738,search,448.01,345.35,481.06,1
1739,search,297.47,120.95,198.5,0
1740,search,28.64,164.48,336.87,0
1741,display,280.48,356.24,450.25,1
1742,social,176.59,424.04,219.36,1
1743,display,372.12,266.22,79.98,0
1744,social,212.97,257.17,210.16,0
1745,social,420.97,462.94,252.5,1
1746,email,54.56,470.72,222.82,0
1747,display,284.76,431.73,484.88,1
1748,search,325.96,100.97,70.73,0
1749,social,477.35,390.72,405.19,1
1750,social,496.95,183.24,146.76,1
1751,social,419.45,70.23,349.04,1
1752,search,209.28,164.21,459.37,1
1753,display,488.37,295.73,154.78,1
1754,social,122.0,239.9,438.04,1
1755,email,133.4,47.64,141.26,0
1756,email,93.29,388.1,203.26,0
1757,display,30.12,374.94,220.87,0
1758,search,443.21,474.44,209.21,1
1759,display,466.51,491.5,159.03,1
1760,display,288.92,142.01,372.9,1
1761,display,46.1,244.14,498.03,1
1762,display,39.29,298.48,325.37,0
1763,email,355.66,405.73,252.57,1
1764,email,122.08,126.86,89.75,0
1765,social,434.82,299.78,116.04,1
1766,search,207.1,102.79,355.23,0
1767,search,214.05,162.61,126.03,0
1768,email,143.81,399.15,122.3,0
1769,display,446.86,450.72,242.66,1
1770,display,49.85,408.97,98.81,0
1771,search,434.81,167.77,482.98,1
1772,display,182.51,109.54,21.76,0
1773,email,121.24,107.24,292.3,0
1774,email,439.63,290.33,74.56,1
1775,social,296.55,32.14,153.24,0
1776,search,318.76,18.6,380.05,0
1777,search,284.99,360.7,140.19,1
1778,social,421.72,319.96,238.92,1
1779,display,311.16,314.85,336.37,1
1780,email,86.18,428.69,236.54,0
1781,email,114.21,413.67,441.23,1
1782,display,133.12,335.39,374.3,1
1783,email,139.99,132.36,298.06,0
1784,search,109.17,30.99,212.92,0
1785,search,232.73,22.09,71.05,0
1786,search,389.12,53.75,250.28,0
1787,search,432.38,85.16,478.53,1
1788,email,92.36,24.6,25.59,0
1789,search,62.1,72.55,484.1,0
1790,search,498.46,287.5,37.44,1
1791,search,244.41,138.54,467.7,1
1792,display,347.38,74.24,11.24,0
1793,email,295.06,271.74,471.05,1
1794,search,37.02,342.4,110.54,0
1795,social,441.27,246.68,211.86,1
1796,search,157.19,259.69,240.27,0
1797,search,160.51,409.05,55.8,0
1798,email,240.45,302.08,171.94,0
1799,social,36.58,187.12,389.5,0
1800,display,202.09,135.13,122.96,0
1801,email,12.63,483.83,22.19,0
1802,social,380.2,71.93,39.13,0
1803,display,330.02,19.14,263.39,0
1804,email,469.42,228.39,82.57,0
1805,social,94.12,391.4,388.21,1
1806,search,318.21,333.9,235.8,1
1807,email,307.42,237.7,334.57,1
1808,display,420.05,288.04,279.84,1
1809,display,20.33,493.53,107.75,0
1810,search,280.23,410.05,464.03,1
1811,email,77.77,367.71,260.23,0
1812,email,233.59,158.24,226.17,0
1813,display,178.51,188.24,86.99,0
1814,search,138.32,301.63,447.7,1
1815,search,218.47,413.44,81.63,0
1816,email,41.2,320.31,107.42,0
1817,social,303.72,341.97,486.42,1
1818,display,114.61,419.68,325.28,1
1819,social,277.06,40.71,214.74,0
1820,search,189.46,167.89,421.31,0
1821,email,29.21,13.57,270.2,0
1822,search,313.07,479.29,153.98,1
1823,search,444.59,206.32,126.36,0
1824,search,125.41,250.5,90.22,0
1825,search,258.74,77.05,208.57,0
1826,search,93.62,476.23,186.97,0
1827,email,496.64,184.42,111.58,1
1828,search,163.82,130.45,189.76,0
1829,display,322.45,352.52,429.53,1
1830,social,187.4,288.53,243.99,0
1831,search,289.11,255.03,70.18,0
1832,display,482.94,281.85,174.78,1
1833,social,117.43,465.72,365.37,1
1834,search,443.36,160.38,255.55,1
1835,social,424.54,360.62,387.68,1
1836,social,56.05,225.01,280.06,0
1837,social,143.63,252.64,55.76,0
1838,social,307.63,190.01,365.79,1
1839,social,334.45,369.8,322.15,1
1840,display,384.57,422.3,461.11,1
1841,email,34.83,133.35,439.03,0
1842,search,10.71,257.9,361.22,0
1843,social,126.24,252.08,462.63,1
1844,email,224.72,280.77,94.84,0
1845,email,461.97,394.78,389.68,1
1846,social,108.42,411.64,289.89,1
1847,display,71.89,243.92,381.97,0
1848,display,147.27,497.77,389.24,1
1849,search,263.11,314.94,317.66,1
1850,search,469.39,376.87,128.49,1
1851,email,341.81,47.67,135.36,0
1852,search,65.87,328.3,270.78,0
1853,display,437.53,200.31,105.63,0
1854,social,169.55,136.45,201.41,0
1855,social,93.68,316.62,38.39,0
1856,social,11.33,245.52,490.86,0
1857,display,78.76,69.37,456.19,0
1858,search,156.55,389.62,342.74,1
1859,social,485.06,232.83,328.91,1
1860,email,360.79,376.76,308.7,1
1861,display,53.51,236.58,248.08,0
1862,search,46.19,461.78,79.79,0
1863,email,339.14,403.01,351.01,1
1864,email,402.29,257.21,380.66,1
1865,email,32.97,12.01,415.08,0
1866,email,293.92,458.46,113.16,1
1867,search,282.68,244.21,367.9,1
1868,search,380.12,206.14,400.31,1
1869,social,307.47,324.69,492.93,1
1870,email,292.29,208.07,101.32,0
1871,social,376.48,229.06,130.12,0
1872,search,16.22,135.7,167.82,0
1873,search,376.83,439.48,305.18,1
1874,search,323.31,164.7,81.9,0
1875,display,189.75,41.09,422.34,0
1876,email,151.49,21.09,121.84,0
1877,social,356.05,302.37,129.54,1
1878,social,119.75,289.85,199.6,0
1879,display,289.89,147.46,157.52,0
1880,email,310.53,269.97,112.9,0
1881,display,366.95,125.39,75.14,0
1882,display,19.39,82.61,382.84,0
1883,email,281.48,62.37,196.38,0
1884,social,83.44,301.88,405.19,1
1885,search,245.53,172.31,169.71,0
1886,social,179.12,486.02,240.17,1
1887,search,230.39,200.55,356.96,1
1888,search,334.96,241.06,321.98,1
1889,email,408.43,38.52,452.92,1
1890,social,183.79,364.85,213.16,0
1891,social,39.85,53.0,66.53,0
1892,email,491.62,409.42,416.21,1
1893,social,478.26,370.59,216.34,1
1894,search,72.67,168.86,452.19,0
1895,display,60.78,354.18,101.95,0
1896,social,403.18,484.02,413.15,1
1897,search,273.41,32.27,442.8,0
1898,email,198.1,377.44,137.71,0
1899,display,33.73,82.56,292.62,0
1900,search,198.78,211.64,227.81,0
1901,search,428.14,51.68,358.32,1
1902,social,330.63,46.23,52.65,0
1903,display,76.34,298.36,207.44,0
1904,social,50.8,198.02,345.77,0
1905,display,27.97,336.76,24.83,0
1906,display,122.49,458.02,493.8,1
1907,social,40.09,270.26,113.23,0
1908,search,92.1,341.74,77.75,0
1909,email,253.26,190.54,228.51,0
1910,social,125.56,294.18,223.76,0
1911,search,308.24,371.0,369.0,1
1912,email,463.5,224.32,414.39,1
1913,search,407.06,484.6,75.95,1
1914,email,151.04,460.62,380.78,1
1915,display,32.53,66.44,96.68,0
1916,display,17.12,161.13,416.42,0
1917,social,481.62,333.31,486.95,1
1918,search,427.63,22.81,210.62,0
1919,email,357.3,223.34,372.12,1
1920,email,41.21,249.89,314.9,0
1921,display,387.23,401.99,80.44,1
1922,display,472.27,129.24,333.51,1
1923,search,421.09,298.83,49.86,0
1924,display,468.61,445.4,188.42,1
1925,email,394.39,120.05,220.63,0
1926,display,490.43,21.33,368.4,1
1927,social,409.45,309.03,436.9,1
1928,display,339.25,165.48,346.64,1
1929,search,264.69,346.62,361.68,1
1930,social,191.0,206.2,158.93,0
1931,display,11.1,304.61,61.54,0
1932,email,177.02,485.35,394.82,1
1933,search,497.23,481.23,126.76,1
1934,social,62.07,122.81,366.31,0
1935,email,35.72,455.7,55.35,0
1936,social,482.9,159.89,209.39,1
1937,display,313.94,145.61,266.99,0
1938,search,290.86,232.43,195.44,0
1939,email,55.23,73.95,112.55,0
1940,search,313.47,138.14,450.28,1
1941,social,47.53,116.82,234.49,0
1942,search,400.23,313.92,26.25,0
1943,email,373.46,265.52,354.9,1
1944,social,305.96,341.65,214.89,1
1945,display,244.69,317.95,94.49,0
1946,email,169.37,320.19,260.12,0
1947,social,341.25,217.83,454.16,1
1948,display,467.92,15.08,314.19,1
1949,display,487.21,80.01,358.06,1
1950,social,303.64,131.26,345.36,0
1951,social,166.28,189.32,441.81,1
1952,display,410.48,55.52,356.65,1
1953,display,227.01,245.98,398.42,1
1954,social,371.72,224.1,87.75,0
1955,social,112.85,94.24,404.83,0
1956,search,319.31,383.55,126.46,1
1957,search,173.79,449.86,69.39,0
1958,display,391.53,183.5,247.08,1
1959,search,455.36,376.12,459.59,1
1960,search,395.38,14.86,146.8,0
1961,social,100.45,252.93,363.3,0
1962,email,245.86,314.26,41.39,0
1963,display,381.69,203.67,437.75,1
1964,display,381.36,148.71,450.39,1
1965,display,157.75,128.29,192.44,0
1966,social,84.2,448.49,93.5,0
1967,social,396.94,238.67,171.82,1
1968,search,101.14,197.51,78.26,0
1969,display,411.06,334.17,197.54,1
1970,search,491.59,474.53,189.08,1
1971,display,384.17,389.48,392.63,1
1972,email,273.58,244.23,387.48,1
1973,social,226.58,86.45,329.57,0
1974,display,152.41,268.58,396.35,1
1975,display,298.53,311.71,332.8,1
1976,social,176.07,74.46,316.8,0
1977,search,465.33,303.64,157.96,1
1978,search,386.75,73.38,276.77,0
1979,search,421.52,351.97,332.67,1
1980,display,302.25,43.98,172.65,0
1981,search,337.66,345.28,317.34,1
1982,search,380.65,321.54,494.75,1
1983,display,249.05,143.62,202.66,0
1984,display,474.86,374.65,250.18,1
1985,display,22.55,99.1,409.59,0
1986,social,233.65,323.04,357.66,1
1987,display,426.03,210.31,146.61,0
1988,email,22.58,368.86,128.65,0
1989,search,485.56,88.96,194.28,0
1990,display,104.09,297.15,168.43,0
1991,social,271.34,438.48,119.32,1
1992,search,92.42,433.22,413.31,1
1993,display,183.38,393.17,460.96,1
1994,search,319.56,111.04,191.37,0
1995,social,267.28,489.11,61.25,1
1996,display,200.7,222.18,63.19,0
1997,search,162.62,207.52,208.14,0
1998,display,271.16,171.69,43.5,0
1999,display,53.82,197.28,409.91,0
2000,social,88.33,58.06,492.69,0
